{"cameraMode":{"drawMode":0,"name":"Shaded","section":"Shading Mode"},"sceneLighting":true,"audioPlay":false,"sceneViewState":{"m_AlwaysRefresh":false,"showFog":true,"showSkybox":true,"showFlares":true,"showImageEffects":true,"showParticleSystems":true,"showVisualEffectGraphs":true,"m_FxEnabled":true},"in2DMode":false,"pivot":{"x":6.351047515869141,"y":3.0620973110198976,"z":1.3280963897705079},"rotation":{"x":-0.008653887547552586,"y":0.9866833090782166,"z":-0.15246440470218659,"w":-0.05600394681096077},"size":5.935330390930176,"orthographic":false}