{"cameraMode":{"drawMode":0,"name":"Shaded","section":"Shading Mode"},"sceneLighting":true,"audioPlay":false,"sceneViewState":{"m_AlwaysRefresh":false,"showFog":true,"showSkybox":true,"showFlares":true,"showImageEffects":true,"showParticleSystems":true,"showVisualEffectGraphs":true,"m_FxEnabled":true},"in2DMode":false,"pivot":{"x":3.423069953918457,"y":-0.44002413749694826,"z":1.8923954963684083},"rotation":{"x":-0.28204622864723208,"y":-0.1213386282324791,"z":0.035985901951789859,"w":-0.9510183930397034},"size":2.8153488636016847,"orthographic":false}